# CDC source basic test

query I
select cnt from orders_cnt;
----
3

query I
select cnt from shared_orders_cnt;
----
3

query I
select cnt from single_type_cnt;
----
1

query I
select cnt from shared_single_type_cnt;
----
1

query I
select cnt from sqlserver_all_data_types_cnt;
----
3

query I
select cnt from shared_sqlserver_all_data_types_cnt;
----
3

query III
select * from orders order by order_id;
----
1 1558430840000 Bob 11 1 1
2 1558430840001 Alice 21 2 1
3 1558430840002 Alice 19 2 1

query III
select * from shared_orders order by order_id;
----
1 1558430840000 Bob 11 1 1
2 1558430840001 Alice 21 2 1
3 1558430840002 Alice 19 2 1

query I
SELECT * from single_type order by id;
----
3 23:59:59.999

query I
SELECT * from shared_single_type order by id;
----
3 23:59:59.999

query TTTTTTT
SELECT * from sqlserver_all_data_types order by id;
----
1 f 0 0 0 0 0 0 0 (empty) NULL 2001-01-01 00:00:00 2001-01-01 00:00:00 2001-01-01 00:00:00+00:00
2 t 255 -32768 -2147483648 -9223372036854775808 -10 -10000 -10000 aa \xff 1990-01-01 13:59:59.123 2000-01-01 11:00:00.123 1990-01-01 00:00:01.123+00:00
3 t 127 32767 2147483647 9223372036854775807 -10 10000 10000 zzzz \xffffffff 2999-12-31 23:59:59.999 2099-12-31 23:59:59.999 2999-12-31 23:59:59.999+00:00

query TTTTTTT
SELECT * from shared_sqlserver_all_data_types order by id;
----
1 f 0 0 0 0 0 0 0 (empty) NULL 2001-01-01 00:00:00 2001-01-01 00:00:00 2001-01-01 00:00:00+00:00
2 t 255 -32768 -2147483648 -9223372036854775808 -10 -10000 -10000 aa \xff 1990-01-01 13:59:59.123 2000-01-01 11:00:00.123 1990-01-01 00:00:01.123+00:00
3 t 127 32767 2147483647 9223372036854775807 -10 10000 10000 zzzz \xffffffff 2999-12-31 23:59:59.999 2099-12-31 23:59:59.999 2999-12-31 23:59:59.999+00:00
